{
    "alt_bench_selected": {
        "zho_Hans": {
            "best_candidate": "candidate_3",
            "sentence_bleu": {
                "scores": [
                    39.12548001702372,
                    27.573578181584114,
                    5.7259987315337755,
                    48.46180202807096,
                    1.7574239156849023,
                    30.04961314114195,
                    33.19510759498883,
                    19.857943409196785,
                    36.966653028794916,
                    34.8181086566651,
                    12.607162121844206,
                    33.98901916081572,
                    12.778727574127457,
                    4.92430047637771,
                    23.896448286725807
                ],
                "avg": 24.381824421638395
            },
            "chrf": {
                "scores": [
                    68.94693729139213,
                    56.4223170241539,
                    49.20638717024918,
                    69.99452416500385,
                    22.591180119119525,
                    55.830291835525905,
                    64.37022526592759,
                    59.16254960735215,
                    68.38208364026033,
                    66.11544834526129,
                    61.18016272887683,
                    63.1625716490019,
                    62.76830862020502,
                    50.37344336519682,
                    62.647248328600554
                ],
                "avg": 58.74357861040846
            },
            "comet": {
                "scores": [
                    0.9232754111289978,
                    0.8556597828865051,
                    0.870701789855957,
                    0.88847815990448,
                    0.5290386080741882,
                    0.8391656279563904,
                    0.8800304532051086,
                    0.9022567868232727,
                    0.8362934589385986,
                    0.894912600517273,
                    0.8785648941993713,
                    0.9059544205665588,
                    0.9053972363471985,
                    0.6853688955307007,
                    0.9073231220245361
                ],
                "avg": 0.8468280831972758
            }
        },
        "jpn_Jpan": {
            "best_candidate": "candidate_3",
            "sentence_bleu": {
                "scores": [
                    55.132511228599434,
                    21.814199626902006,
                    7.8246590817403,
                    18.407351646767804,
                    4.264366797818018,
                    30.432048144063238,
                    39.30220360642951,
                    28.15107491974925,
                    38.46871857611897,
                    30.956406053602336,
                    20.064835797942465,
                    22.776285592397993,
                    24.46715828202689,
                    6.680315067894361,
                    37.71505603592288
                ],
                "avg": 25.76381269719836
            },
            "chrf": {
                "scores": [
                    78.8619414510065,
                    57.757041150777475,
                    49.411050505274886,
                    54.54742328314014,
                    41.44193751472473,
                    56.76042149875259,
                    64.61123692931208,
                    51.169285510676275,
                    74.58064763076267,
                    68.42866565655086,
                    61.717033396017726,
                    61.67500636397057,
                    61.13930207800541,
                    53.117733603189265,
                    60.24247303721365
                ],
                "avg": 59.697413307291654
            },
            "comet": {
                "scores": [
                    0.8864241242408752,
                    0.8726643323898315,
                    0.8813253045082092,
                    0.8731168508529663,
                    0.8787427544593811,
                    0.8819822669029236,
                    0.8904607892036438,
                    0.8975645303726196,
                    0.8872020840644836,
                    0.9005653858184814,
                    0.8942492604255676,
                    0.7872262597084045,
                    0.9055408835411072,
                    0.8501071929931641,
                    0.926177442073822
                ],
                "avg": 0.8808899641036987
            }
        },
        "vie_Latn": {
            "best_candidate": "candidate_2",
            "sentence_bleu": {
                "scores": [
                    100.00000000000004,
                    32.4745633712975,
                    7.432998184513635,
                    53.3073055763391,
                    34.969420795709624,
                    30.157901789996533,
                    82.42245567123457,
                    17.01668259220275,
                    37.76302796471566,
                    49.030268439881304,
                    30.883351821774134,
                    34.10188419059098,
                    26.934382810974025,
                    9.64114573379095,
                    13.330450941174435
                ],
                "avg": 37.29772265894635
            },
            "chrf": {
                "scores": [
                    100.0,
                    59.23661982895007,
                    50.990790744518364,
                    72.0846615676406,
                    58.432817025277636,
                    56.231242914043925,
                    94.21238371395829,
                    50.8985100071348,
                    71.58053528490393,
                    76.27586296622634,
                    61.96997880823175,
                    67.7918156880445,
                    62.97931890667455,
                    54.1795093025253,
                    57.24409859407397
                ],
                "avg": 66.27387635681359
            },
            "comet": {
                "scores": [
                    0.9612459540367126,
                    0.8701131939888,
                    0.9031197428703308,
                    0.878261387348175,
                    0.862856924533844,
                    0.8597561120986938,
                    0.9252582788467407,
                    0.909391462802887,
                    0.9183014035224915,
                    0.9078119993209839,
                    0.8927003741264343,
                    0.9080114960670471,
                    0.8951873183250427,
                    0.854541540145874,
                    0.9090805649757385
                ],
                "avg": 0.8970425168673197
            }
        },
        "ind_Latn": {
            "best_candidate": "candidate_3",
            "sentence_bleu": {
                "scores": [
                    35.55095860359488,
                    36.59472652017654,
                    30.856960108358752,
                    64.1386525898168,
                    21.996658526329096,
                    31.867718340287844,
                    76.08867026296329,
                    42.61228357037425,
                    79.75219547461045,
                    58.62968560677975,
                    13.461801293778908,
                    31.543229444457836,
                    45.26025625161957,
                    29.50513807609976,
                    49.5107015903273
                ],
                "avg": 43.15797575063834
            },