{
    "alt_bench_selected": {
        "zho_hans": {
            "best_candidate": "candidate_3",
            "sentence_bleu": {
                "scores": [
                    45.515709609285544,
                    30.885581087629955,
                    5.7259987315337755,
                    56.74773954614978,
                    5.951000953515419,
                    23.258894785518724,
                    20.44719498035304,
                    36.227557436010244,
                    40.02671120019302,
                    0.9992385157175514,
                    14.752569038049879,
                    33.98901916081572,
                    12.19743818739568,
                    11.9886810188876,
                    23.896448286725807
                ],
                "avg": 24.17398550251878
            },
            "chrf": {
                "scores": [
                    68.94693729139213,
                    58.73459838754951,
                    49.15805881498766,
                    69.8031859676979,
                    43.343250227180604,
                    53.21980390412951,
                    70.33525053994528,
                    65.78763103085595,
                    75.94431831938543,
                    13.49799136158908,
                    60.933661185682965,
                    63.1625716490019,
                    60.82650557565543,
                    60.2292371542811,
                    62.647248328600554
                ],
                "avg": 58.43801664919566
            },
            "comet": {
                "scores": [
                    0.9244277477264404,
                    0.8561981320381165,
                    0.8683964610099792,
                    0.8893299698829651,
                    0.8859720826148987,
                    0.8541100025177002,
                    0.9002900719642639,
                    0.9067808985710144,
                    0.838864803314209,
                    0.345853716135025,
                    0.8742451071739197,
                    0.9059544205665588,
                    0.8965293765068054,
                    0.8246234059333801,
                    0.9073231220245361
                ],
                "avg": 0.8452599545319875
            }
        },
        "jpn_Jpan": {
            "best_candidate": "candidate_3",
            "sentence_bleu": {
                "scores": [
                    55.79235335264048,
                    20.299685933250966,
                    9.621015408672907,
                    18.407351646767804,
                    19.23018800783859,
                    29.26199366828186,
                    39.30220360642951,
                    38.091370416670806,
                    36.09851352535694,
                    32.108061638276915,
                    20.064835797942465,
                    40.711520560881176,
                    24.46715828202689,
                    5.939733368904656,
                    37.71505603592288
                ],
                "avg": 28.47406941665766
            },
            "chrf": {
                "scores": [
                    78.8619414510065,
                    56.76858241843998,
                    53.93358890204445,
                    54.54742328314014,
                    51.67560279785713,
                    54.86481057513688,
                    64.61123692931208,
                    61.1239851040843,
                    69.26296398495082,
                    61.35421265876013,
                    61.11087472805291,
                    65.92072449477249,
                    61.13930207800541,
                    54.00608019890634,
                    60.24247303721365
                ],
                "avg": 60.62825350944555
            },
            "comet": {
                "scores": [
                    0.8850272297859192,
                    0.8749929070472717,
                    0.896733820438385,
                    0.8731168508529663,
                    0.8941012620925903,
                    0.877935528755188,
                    0.8904607892036438,
                    0.9166107773780823,
                    0.8592937588691711,
                    0.8838041424751282,
                    0.8926701545715332,
                    0.921481192111969,
                    0.9055408835411072,
                    0.8535927534103394,
                    0.926177442073822
                ],
                "avg": 0.8901026328404744
            }
        },
        "vie_Latn": {
            "best_candidate": "candidate_3",
            "sentence_bleu": {
                "scores": [
                    57.28145662417077,
                    17.645071985605263,
                    7.432998184513635,
                    53.3073055763391,
                    34.969420795709624,
                    29.27093483646691,
                    68.0866329183576,
                    17.01668259220275,
                    74.66468002886297,
                    60.782249035592756,
                    30.883351821774134,
                    34.824372094800154,
                    29.224550221580547,
                    38.86940269101141,
                    13.330450941174435
                ],
                "avg": 37.8393040232108
            },
            "chrf": {
                "scores": [
                    79.56587618956367,
                    52.67348594453177,
                    50.990790744518364,
                    72.0846615676406,
                    58.432817025277636,
                    58.68583415915668,
                    87.42950947587714,
                    50.8985100071348,
                    88.99379133752417,
                    81.22134226101448,
                    61.96997880823175,
                    69.4225509152351,
                    64.48366299830838,
                    65.59473456515802,
                    60.686710304370486
                ],
                "avg": 66.87561708690286
            },
            "comet": {
                "scores": [
                    0.9049001932144165,
                    0.8675416707992554,
                    0.9031197428703308,
                    0.878261387348175,
                    0.862856924533844,
                    0.853157103061676,
                    0.9177365899085999,
                    0.909391462802887,
                    0.9353141188621521,
                    0.9087661504745483,
                    0.8927003741264343,
                    0.9281514286994934,
                    0.8954554200172424,
                    0.8551802039146423,
                    0.9089018702507019
                ],
                "avg": 0.8947623093922933
            }
        },
        "ind_Latn": {
            "best_candidate": "candidate_3",
            "sentence_bleu": {
                "scores": [
                    83.71837576365554,
                    17.88402569620649,
                    30.856960108358752,
                    64.1386525898168,
                    29.153831589857862,
                    35.63871495192613,
                    63.97688322335284,
                    42.61228357037425,
                    56.6123255329936,
                    62.404533102331975,
                    10.093313343513834,
                    43.50178253571127,
                    45.6605218427533,
                    28.673072060623145,
                    49.5107015903273
                ],
                "avg": 44.29573183345354
            },