{
    "candidate_1": {
        "zho_hans": {
            "sentence_bleu": {
                "scores": [
                    36.44180669241301,
                    30.930448413809867,
                    6.809398432036521,
                    41.11336169005198,
                    6.802254824715725,
                    30.04961314114195,
                    33.19510759498883,
                    22.49124239944387,
                    41.882168504198276,
                    31.959780556192978,
                    13.599889117478053,
                    36.29453416382384,
                    29.066145742597676,
                    12.832055613623329,
                    42.902556537105646
                ],
                "avg": 27.758024228241432
            },
            "chrf": {
                "scores": [
                    68.08024787600104,
                    58.59987204025943,
                    46.388467627456556,
                    63.993620228290084,
                    46.36928119721985,
                    56.11282091942734,
                    64.37022526592759,
                    54.4057596411513,
                    66.46405171988177,
                    62.19702366358284,
                    54.78765464161817,
                    65.43473506341857,
                    60.080132049304424,
                    59.817458652188584,
                    65.6661419972173
                ],
                "avg": 59.517832838862994
            },
            "comet": {
                "scores": [
                    0.9225090742111206,
                    0.8563094735145569,
                    0.8491653203964233,
                    0.8710682392120361,
                    0.8757886290550232,
                    0.8392780423164368,
                    0.8800304532051086,
                    0.9066236615180969,
                    0.8889806866645813,
                    0.889130711555481,
                    0.8498645424842834,
                    0.9045242667198181,
                    0.8861259818077087,
                    0.8381481766700745,
                    0.9082460999488831
                ],
                "avg": 0.8777195572853088
            }
        },
        "jpn_Jpan": {
            "sentence_bleu": {
                "scores": [
                    50.91339998036285,
                    23.482657122638532,
                    10.272048988537916,
                    16.284252665418148,
                    19.23018800783859,
                    25.89093258791443,
                    26.348970683103396,
                    28.15107491974925,
                    15.54434920148101,
                    33.712964091821846,
                    28.14222697038182,
                    31.11973435116941,
                    14.114851854708096,
                    9.936620558857319,
                    31.772239772849296
                ],
                "avg": 24.32776745045546
            },
            "chrf": {
                "scores": [
                    78.7359538153319,
                    60.8483829151582,
                    48.5830682378736,
                    52.223329607120284,
                    51.67560279785713,
                    54.21198401913585,
                    53.45367991699091,
                    51.169285510676275,
                    59.90049105357078,
                    67.8548389719269,
                    67.06117102632044,
                    58.35230101477309,
                    50.98717051150986,
                    58.585293386312706,
                    59.15108518754313
                ],
                "avg": 58.18624253147339
            },
            "comet": {
                "scores": [
                    0.8069232106208801,
                    0.8564916849136353,
                    0.8594799637794495,
                    0.8805807828903198,
                    0.8941012620925903,
                    0.8760346174240112,
                    0.8580208420753479,
                    0.8975645303726196,
                    0.848696768283844,
                    0.9006285071372986,
                    0.883117139339447,
                    0.9177423715591431,
                    0.8967998623847961,
                    0.827794075012207,
                    0.8978564143180847
                ],
                "avg": 0.8734554688135783
            }
        },
        "vie_Latn": {
            "sentence_bleu": {
                "scores": [
                    48.130446616982546,
                    17.645071985605263,
                    29.190450436614647,
                    27.840726529658703,
                    21.47298605255409,
                    17.058525323366922,
                    16.024480270637824,
                    23.275118953744553,
                    37.76302796471566,
                    66.91196854586423,
                    13.308442527111026,
                    21.71788734284664,
                    33.53671881116034,
                    10.361951835898177,
                    13.965936216429368
                ],
                "avg": 26.54691596087934
            },
            "chrf": {
                "scores": [
                    72.78962667140678,
                    52.67348594453177,
                    57.69330271910803,
                    55.01987569954475,
                    55.763979720570454,
                    48.11781511020053,
                    56.514910838712815,
                    61.24107175796212,
                    71.58053528490393,
                    85.1849157269116,
                    46.5752755349311,
                    61.32163901740558,
                    62.300405585810616,
                    55.47134899756809,
                    48.33843299823118
                ],
                "avg": 59.37244144051995
            },
            "comet": {
                "scores": [
                    0.900087833404541,
                    0.8675416707992554,
                    0.9052349925041199,
                    0.8119210004806519,
                    0.852090060710907,
                    0.751493513584137,
                    0.8678334951400757,
                    0.9209367036819458,
                    0.9183014035224915,
                    0.895454466342926,
                    0.8253377079963684,
                    0.851756751537323,
                    0.8510081171989441,
                    0.7940285205841064,
                    0.8664423823356628
                ],
                "avg": 0.8586312413215638
            }
        },
        "ind_Latn": {
            "sentence_bleu": {
                "scores": [
                    53.93990899537351,
                    8.69222148294712,
                    10.297830477691114,
                    40.22305202883017,
                    28.436025391440335,
                    39.60203658919958,
                    35.91041095967256,
                    32.565478364439414,
                    23.52722764420731,
                    52.67048914363588,
                    10.361951835898177,
                    31.543229444457836,
                    45.5970651796198,
                    18.84297589922174,
                    35.43345370054533
                ],
                "avg": 31.176223809145327
            },
            "chrf": {
                "scores": [
                    79.72915504086863,
                    53.115390706999875,
                    47.725232621000075,
                    68.43379173929407,
                    59.415409643971884,
                    68.69624351168146,
                    63.50514191341197,
                    63.74502920644143,
                    55.94786880271241,
                    70.13344950803432,
                    45.8761134270693,
                    61.74194309676522,
                    70.83753453871331,
                    64.76099999791236,
                    63.17209336798173
                ],