{
    "candidate_2": {
        "zho_hans": {
            "sentence_bleu": {
                "scores": [
                    23.153792032462356,
                    29.97975800705582,
                    8.225964699966557,
                    36.99242954266478,
                    6.2047985604249,
                    7.443064327380185,
                    27.240268049293654,
                    39.42058093215872,
                    9.970222994544457,
                    24.292071872727103,
                    15.911783110981515,
                    31.622443739110633,
                    5.390267308861399,
                    8.540961202077984,
                    14.132052098159443
                ],
                "avg": 19.234697231857965
            },
            "chrf": {
                "scores": [
                    43.807863916610955,
                    54.45592734087447,
                    46.21087243398832,
                    53.018300686353626,
                    43.375544216968535,
                    35.827846534268645,
                    67.52033008090007,
                    64.84560487950539,
                    42.16907201970248,
                    58.18833487196999,
                    54.703134297437536,
                    61.72887013344594,
                    49.837630909783584,
                    53.987563767132826,
                    58.577390458843496
                ],
                "avg": 52.550285769852394
            },
            "comet": {
                "scores": [
                    0.6784682869911194,
                    0.83744215965271,
                    0.735869824886322,
                    0.8352332711219788,
                    0.8562901616096497,
                    0.7416402697563171,
                    0.871314287185669,
                    0.8979559540748596,
                    0.7552075386047363,
                    0.8751289248466492,
                    0.8118067383766174,
                    0.9068689942359924,
                    0.8718616366386414,
                    0.8192078471183777,
                    0.9025260806083679
                ],
                "avg": 0.8264547983805338
            }
        },
        "jpn_Jpan": {
            "sentence_bleu": {
                "scores": [
                    42.768135825863766,
                    8.52097648528297,
                    8.533010071785773,
                    10.832485795226614,
                    8.218074077265651,
                    18.24494031172098,
                    23.29444853483915,
                    23.850080213378284,
                    37.879547356837286,
                    32.108061638276915,
                    29.271572980584498,
                    21.370863680704144,
                    20.164928116635814,
                    5.867870526599322,
                    11.198351103651401
                ],
                "avg": 20.141556447910173
            },
            "chrf": {
                "scores": [
                    68.50402453158803,
                    47.71774799020758,
                    40.886311272172335,
                    37.62193998456961,
                    46.359869242000826,
                    45.952104118289284,
                    59.00460345253724,
                    50.505298519076206,
                    68.0456369064649,
                    61.35421265876013,
                    59.962383261330274,
                    56.074822176957205,
                    57.46051032330879,
                    47.31482374356364,
                    49.95450859569269
                ],
                "avg": 53.11458645176792
            },
            "comet": {
                "scores": [
                    0.8569841980934143,
                    0.8528481721878052,
                    0.7451013922691345,
                    0.854358971118927,
                    0.841397225856781,
                    0.8133534789085388,
                    0.8717254996299744,
                    0.8821701407432556,
                    0.8641662001609802,
                    0.8838041424751282,
                    0.8695199489593506,
                    0.9122524857521057,
                    0.8923762440681458,
                    0.8126433491706848,
                    0.8507614731788635
                ],
                "avg": 0.853564194838206
            }
        },
        "vie_Latn": {
            "sentence_bleu": {
                "scores": [
                    58.99323115480385,
                    35.906959060006365,
                    7.8246590817403,
                    34.90310581173996,
                    37.614350791262964,
                    16.222300846861277,
                    58.07396550707043,
                    14.747364570390475,
                    46.37312200493392,
                    66.18515966764897,
                    33.15082836191843,
                    42.95378697122783,
                    39.321000964354916,
                    29.81792160679168,
                    13.151356351631197
                ],
                "avg": 35.682607516825506
            },
            "chrf": {
                "scores": [
                    76.38657735475651,
                    63.90154965098852,
                    37.79496906045106,
                    66.23508396097849,
                    59.55559865887775,
                    45.3797787315748,
                    79.87000263265152,
                    46.0765755650036,
                    73.0205000076075,
                    81.61153650089574,
                    58.74998221941895,
                    72.0938241784805,
                    61.15781297275166,
                    60.21621240171493,
                    53.61907245304075
                ],
                "avg": 62.377938423279474
            },
            "comet": {
                "scores": [
                    0.9102732539176941,
                    0.8550958037376404,
                    0.8159383535385132,
                    0.8301153779029846,
                    0.8713664412498474,
                    0.7808090448379517,
                    0.9119890332221985,
                    0.8998311758041382,
                    0.9176415801048279,
                    0.9118212461471558,
                    0.8673035502433777,
                    0.9236794114112854,
                    0.8243175745010376,
                    0.8500751256942749,
                    0.9035863876342773
                ],
                "avg": 0.8715895573298137
            }
        },
        "ind_Latn": {
            "sentence_bleu": {
                "scores": [
                    83.71837576365554,
                    17.88402569620649,
                    41.60751652217844,
                    66.95960204886555,
                    37.030468338190616,
                    9.492787553747851,
                    63.97688322335284,
                    76.50275652374162,
                    56.6123255329936,
                    56.311341605816786,
                    9.029577236968043,
                    49.63858844237975,
                    24.845293560857176,
                    28.673072060623145,
                    39.791827837563325
                ],
                "avg": 44.13829612980938
            },
            "chrf": {
                "scores": [
                    78.76803006334214,
                    55.87752957676416,
                    64.8287648797672,
                    73.56301100282819,
                    62.20421873505718,
                    35.94997534642415,
                    80.01158123132679,
                    87.27253450915123,
                    75.76224831226087,
                    78.36031598633613,
                    46.729402807404746,
                    72.49214338504389,
                    57.281958894649975,
                    60.27368937738077,
                    70.16530811767754
                ],